competitor,componentName,tool,screenshotPath,purpose,state,interaction,visualTreatment,graphicType,responsiveBehavior,accessibilityObservations,strongestFeature,weakestFeature,FileKitClassification
Squoosh,ComparisonSlider,Image Compression,squoosh_homepage.png,Visual quality comparison,Active,Drag slider handle,Split-screen image divider,WASM/Canvas,Stack view on mobile,Keyboard slider controls,Instant side-by-side quality delta inspection,Single image only,ADAPT
Sejda,VisualPageGrid,PDF Organization,sejda_homepage.png,Page reordering & rotation,File Loaded,Drag-and-drop / hover buttons,Thumbnail grid with selection borders,SVG/Canvas thumbnails,Reflows to 2 columns on mobile,Keyboard page selection,Intuitive page reordering & deletion,3 tasks/hr paywall modal,ADAPT
CloudConvert,FormatSelectorNode,Format Conversion,cloudconvert_homepage.png,Interactive format selection,Landing,Dropdown click / select,Format A to Format B visual node,SVG/HTML node,Collapses to stacked select on mobile,Full ARIA combobox support,Clear visual representation of input/output format,Requires 2 clicks to initiate,ADOPT
iLovePDF,CategoryFilterPills,Homepage,ilovepdf_homepage.png,Tool category filtering,Landing,Click pill toggle,Rounded pill badges with active highlight,HTML/CSS,Horizontal scrollable row on mobile,Focus rings on pills,Rapid tool discovery across 25+ tools,None,ADAPT
PDFAid,AsymmetricTrustHero,PDF Converter,pdfaid_homepage.png,Trust building & upload entry,Empty,Drop file / Click upload,2-column layout with bullet checkmarks left,SVG icons + dashed target,Stacks vertically on mobile,Screen reader bullet lists,High dropzone conversion rate,Deceptive €1 trial trap,ADAPT
PDF24,UtilitarianDirectoryGrid,Homepage,pdf24_homepage.png,Site-wide tool discovery,Landing,1-click navigate,Dense 8-column card grid with mascot icons,SVG/Mascot graphics,Reflows to 2-column grid on mobile,Standard focus outlines,Zero paywall access to 28+ tools,High visual density,ADOPT
CloudConvert,StageStatusIndicator,Format Conversion,cloudconvert_homepage.png,Progress & status feedback,Processing,Automated transition,Determinate progress bar with stage labels,HTML/CSS,Scales down font size on mobile,Live region status announcements,Eliminates wait anxiety via clear stage labels,Server processing latency,ADOPT
Adobe Acrobat,Sign-InGateModal,Compress PDF,adobe_homepage.png,Account capture,Result Ready,Modal overlay,Blurred background with centered sign-in box,SVG/Brand graphics,Full screen modal on mobile,Modal focus trap,High brand authority messaging,Blocks download until account created,AVOID
ZenDocs,TrialCheckoutModal,PDF Editor,zendocs_homepage.png,Monetization capture,Result Ready,Modal overlay,Off-white modal with $1 trial CTA,HTML/CSS,Full width button on mobile,Standard button focus,Clean layout,Deceptive $1 trial auto-renewing at $39/mo,AVOID
